time,mTORa,mTORastd
0,1,0.274538745
360,0.486346863,0.144649446
720,0.457564576,0.110701107
1080,0.433948339,0.20295203