Time,mTORa,mTORastd
0,0.568134171907757,0.155974842767296
6,0.276310272536688,0.0821802935010482
12,0.259958071278826,0.0628930817610063
18,0.246540880503145,0.115303983228512